<keymap version="1" name="macOS copy" parent="Mac OS X 10.5+">
  <action id="Console.TableResult.EditFilterCriteria">
    <keyboard-shortcut first-keystroke="meta f" />
  </action>
  <action id="Console.TableResult.Transpose">
    <keyboard-shortcut first-keystroke="shift meta t" />
  </action>
  <action id="EditorRight">
    <keyboard-shortcut first-keystroke="right" />
  </action>
  <action id="Find">
    <keyboard-shortcut first-keystroke="ctrl f" />
  </action>
  <action id="MoveEditorToOppositeTabGroup">
    <keyboard-shortcut first-keystroke="meta alt 2" />
  </action>
  <action id="SplitVertically">
    <keyboard-shortcut first-keystroke="shift meta 2" />
  </action>
</keymap>